ID,Language_ID,Name,Description
1,abyanei,Gram: FUTURE,kVm-
2,africanamericanvernacularenglish,Gram: COMPLETIVE Aspect,done
3,aghul,Gram: PERFECT,"-naa, -naja, -na a, -na aa, -na aja"
4,aghul,Gram: INDEFINITE Pronoun marker,jči(n)
5,aghul,Gram: IRREALIS,-sij
6,aghul,Gram: AORIST,-ne
7,aghul,Gram: CONTINUOUS,(-j) aq'-
8,aghul,Gram: COMITATIVE,-qaj
9,aghul,Gram: general TEMPORAL suffix ('converb'),"-guna, -gana, -guni"
10,aghul,Gram: (narrative) INDEFINITE ARTICLE,sa
11,aghul,Gram: INDEFINITE Pronoun ('free choice') marker,kːanči꞊ra
12,aghul,Gram: hearsay EVIDENTIALITY,-ʁaj
13,aghul,Gram: 'other',sara
14,aghul,Gram: 'same',sa
15,aghul,Gram: EXHAUSTIVE (discourse) particle ('only'),sa
16,aghul,Gram: Pro-Verb (in Topicalization),(a)q'as
17,aghul,Gram: CAUSATIVE aux,(a)q'as
18,aghul,Gram: VERIFICATIVE,"-čug-, -čuk'-, -čuq'-"
19,aghul,Gram: negative Pronoun marker,=ra
20,aghul,"Gram: marker for ""COLLECTIVE"" numerals",꞊ra
21,aghul,Gram: REPETITIVE,"q-, qa-, qu-, qi"
22,angolar,Gram: REFLEXIVE,onge
23,archi,Gram: ALLATIVE postposition,eq'en
24,archi,Gram: PROBABILITY (PRESUMPTIVE) aux,χos
25,archi,Gram: derivational marker for ordinal numerals,-bosdub
26,archi,Gram: VERIFICATIVE,-kː-
27,awadhi,Gram: PLURAL marker for animates,log
28,ayacuchoquechua,Gram: HABITUAL (compound tense),-q ka
29,ayacuchoquechua,Gram: 'other',huk
30,ayacuchoquechua,Gram: DEONTIC construction,-na
31,bactrian,Gram: DEFINITE article,i
32,balantak,Gram: RELATIVIZER,men
33,balochi,Gram: PROGRESSIVE,V(INF)-ā ã
34,balochi,Gram: OBLIGATION,V(INF)-ī int
35,balochi,Gram: FUTURE,V(INF)-ī ą
36,balochi,Gram: CHANGE-OF-STATE (vector verb for starting of an action),"āy-, āt"
37,balochi,Gram: CHANGE-OF-STATE (vector verb for initiating an action),šut
38,balochi,Gram: COMPLETIVE (vector verb),išt
39,balochi,Gram: COMPLETIVE (vector verb),nešt
40,balochi,Gram: COMPLETIVE (vector verb for physical transfer),"zūr-, zīr- / zurt, zūrt"
41,balochi,Gram: up' (adposition),sar
42,balochi,Gram: BEHIND (adposition),pušt
43,balochi,Gram: EVIDENTIAL (say.PRS-3SG),guš-ī
44,balochi,Gram: EVIDENTIAL (say.PRS.3SG),šī
45,balochi,Gram: PERMISSIVE (IRR-leave.IMP2SG),(b-)il
46,balochi,Gram: NECESSITY,lōṭ-
47,balochi,Gram: SINGULATIVE (individuation marker),=ē
48,balochieastern,Gram: CHANGE-OF-STATE (vector verb for INTRANSITIVEs),šuθ
49,balochiwestern,Gram: EVIDENTIAL (say.PRS-3PL),guš-an(t)
50,balochiwestern,Gram: PROSPECTIVE (IMMEDIATE FUTURE),"āy-, āt (ki)"
51,bambara,Gram: COMPLETIVE predicative marker in TRANSITIVE constructions,yé
52,bambara,Gram: SUBORDINATOR 'if',ní
53,bambara,Gram: HORTATIVE/SUBJUNCTIVE modal markers,ká
54,bambara,Gram: 'already' (particle in postverbal position),bán
55,bambara,Gram: INCHOATIVE aux,sín
56,bambara,Gram: REPETITIVE aux,sègín
57,bambara,Gram: CONTINUATIVE/HABITUAL aux,tó
58,bambara,Gram: aux meaning 'eventually',tílá
59,bambara,"Gram: under the responsibility of', 'in the personal sphere of' (postposition)",bóló
60,bambara,Gram: preposition 'starting from',kà bɔ́
61,bambara,Gram: AGENT (postposition),bóló
62,bambara,Gram: SPATIAL postposition 'on',kǔn
63,bambara,Gram: SPATIAL postposition 'between',cɛ́
64,bambara,"Gram: TEMPORAL/SPATIAL postposition 'behind','after'",kɔ́
65,bambara,Gram: SPATIAL postposition 'in',kɔ́nɔ́
66,bambara,"Gram: SPATIAL postposition 'in front of', 'before'",ɲɛ́
67,bambara,Gram: preposition 'until',kà táa
68,bambara,Gram: CAUSAL SUBORDINATOR 'because',sábú
69,bambara,Gram: SIMILE,ko
70,bambara,Gram: INDEFINITE (determiner),dɔ́
71,bambara,Gram: DIMINUTIVE (derivational suffix),-nin
72,bambara,Gram: 'other',dɔ́
73,bambara,Gram: 'same',kélén
74,bambara,Gram: 'only',dǎn
75,bambara,Gram: PROHIBITIVE marker,kànâ
76,bambara,Gram: POSSIBILITY MODAL aux,sé
77,bambara,Gram: OBLIGATION MODAL aux,kán
78,bambara,Gram: ABILITY (aux verb),sé
79,bambara,"Gram: DETERMINER in negative sense 'nothing, none'",sí
80,bambara,Gram: FEMALE (derivational suffix),mùsó
81,bambara,Gram: MALE (derivational suffix),-kɛ
82,bambara,Gram: 'alone' (adnominal particle),kélén
83,bambara,Gram: only (adnominal particle),kélén
84,bambara,Gram: H-POSSESSIVE (postposition 'at' + LOC COP),bóló
85,bambara,Gram: emphatic third person PRONOUN ('the person in question'),à tìgî
86,bambara,Gram: RECIPROCAL PRONOUN,ɲɔ́gɔ́n
87,bambara,Gram: INDEFINITE PRONOUN,dɔ́
88,bambara,Gram: INDEFINITE PRONOUN,féŋóofèŋ
89,bambara,Gram: FUTURE,ná
90,bambara,Gram: CAUSATIVE (prefix (indirect causation)),lá-
91,bambara,Gram: PERMISSIVE CAUSATION aux,bìlá
92,bambara,"Gram: IMMINENCE aux 'come close to, be about to'",ɲíní
93,bambara,Gram: TEMPORAL SUBORDINATOR,sání
94,bambara,"Gram: TEMPORAL SUBORDINATOR 'when', 'since'",kàbíní
95,bardi,Gram: COMITATIVE APPLICATIVE,-ng(a)
96,bardi,Gram: COPULA (POSSESSIVE),jina
97,bataviacreole,Gram: ACCUSATIVE/DATIVE marker,kung
98,bataviacreole,Gram: PERFECTIVE,dja
99,beja,Gram: CONCESSION,=eːk
100,beja,Gram: PERFECT,=wa
101,beja,Gram: PERFECT,ak
102,beja,Gram: RELATIVIZER,=t
103,beja,Gram: RELATIVIZER,ti=
104,beja,Gram: RELATIVIZER,w= + =e:b
105,beja,"Gram: ""V2-conjugation"" marker (IMPERFECTIVE)",-ani
106,beja,Gram: phasal CONTINUATIVE aspect,harʔa baj
107,beja,Gram: phasal TERMINATIVE aux,bʔa
108,beja,Gram: until',(=eːb) hadiːd
109,beja,Gram: until',(=eːb) oː=kiːk
110,beja,Gram: next to' (SPATIAL postposition),geːb
111,beja,Gram: SPATIAL postposition 'towards' (ALLATIVE),beːti
112,beja,Gram: COMPLEMENTIZER (mostly: REL.F + the thing),na
113,beja,Gram: TEMPORAL marker 'when',=hoːb
114,beja,Gram: TEMPORAL marker 'when',doːr
115,beja,Gram: PURPOSE,mi-jaːd
116,beja,Gram: Emphatic constructions,dʔi-
117,beja,Gram: Emphatic constructions,-ni:n
118,beja,Gram: DISCOURSE marker (for the end of discursive unit in narratives and poetry),eːn
119,beja,Gram: INTENTION,-d-
120,beja,Gram: POSSIBILITY,"ø, jʔ"
121,beja,Gram: CONTRASTIVE NEGATION aux,rib
122,beja,Gram: adnominal INTENSIFIER,(i=)kna(=ji)
123,beja,Gram: adverbial INTENSIFIER (for predicate or entire phrase),(i=)kna
124,beja,Gram: aux 'upwards',ʔas
125,beja,Gram: attributive POSSESSION marker,(i=)kna
126,beja,Gram: 'you (SG)' (personal PRONOUN),baruːk
127,beja,Gram: INDEFINITE PRONOUN,gali
128,beja,Gram: question words,naː
129,beja,Gram: FUTURE aux,di
130,beja,Gram: IMMEDIATE FUTURE,gad
131,beja,Gram: APPLICATIVE marker,hi
132,beja,Gram: Centripetal Movement (lit. 'in our direction'),o:n mari(-i)
133,beja,Gram: polar QUESTION marker,han
134,beja,Gram: CONDITIONAL (doubt),=uːk
135,beja,Gram: INTENSIFIER,"hoːk, =hoːk"
136,beja,Gram: PURPOSE SUBORDINATOR,dhaːj
137,bhojpuri,Gram: CLASSIFIER,t̩ho
138,bhojpuri,Gram: PLURAL marker for animates,man
139,bhojpuri,Gram: PLURAL marker for inanimates,sab
140,bhojpuri,Gram: PRESENT,bāt̩
141,bhojpuri,Gram: PAST ('IMPERFECT'),rahnā
142,bislama,Gram: COMPLETIVE Aspect,finis
143,bolivianquechua,"Gram: EXISTENTIAL ('to be', 'to live')",tiya-
144,brazilianportuguese,Gram: HABITUAL,viver
145,budugh,Gram: CAUSATIVE,vowel change in stem (low back V to high front V)
146,bulgarian,Gram: FUTURE aux/PARTICLE,šte
147,bulgarian,Gram: IRREALIS marker (verbal proclitic),da
148,catalan,Gram: COMPLETIVE (aux),acabar
149,catalan,Gram: PAST,ir
150,catalan,Gram: ANDATIVE,anar
151,cherokee,Gram: FUTURE,t(a)-
152,chorasmian,Gram: POTENTIAL (particle),=k
153,creolese,Gram: RECIPROCAL,matii
154,croatianserbian,Gram: COMPLEMENTIZER,da
155,croatianserbian,Gram: PROHIBITIVE aux,nemoj
156,czech,Gram: recipient PASSIVE,dostat
157,dakhinihindi,Gram: RELATIVIZER,so
158,dakhinihindi,Gram: PERSONAL PRONOUN (1 person inclusive),āpan
159,dakhinihindi,Gram: QUOTATIVE marker,bolke
160,diuindoportuguese,Gram: DATIVE marker,pə
161,diuindoportuguese,Gram: PLURAL,tud
162,diuindoportuguese,Gram: POSSESSIVE PRONOUN,del
163,earlyjudeopersian,Gram: FUTURE,be-
164,earlysranan,Gram: PROGRESSIVE,de
165,eastkhantic,Gram: ERGATIVE case,-na
166,ecuadorianquichua,Gram: purpose of motion (associated motion),-gri-
167,emai,Gram: ('correlative') conjunction,khì
168,emai,Gram: against' ('momentary impact'),gbe
169,emai,Gram: (on the) bottom of',òtɔ̀ì
170,emai,Gram: (on)to/against' ('affixed attachment'),baa
171,emai,Gram: to the end/top' ('terminal achievement'; postverbal),so
172,emai,Gram: DATIVE/ALLATIVE marker/prep.,ye
173,emai,"Gram: in, into' ('inclusive attachment')",ze
174,emai,Gram: 'same',ɔ̀kpá
175,emai,Gram: exhaustive (discourse) particle ('only'),ɔ̀kpá
176,emai,Gram: carefully,degbè
177,emai,Gram: deliberately',dabɔ̀
178,emai,"Gram: try, feign, pretend' ('cancel event occurence')",fee ghoo
179,emai,Gram: MALE,ɔ́mɔ̀hè
180,emai,Gram: FEMALE,òkpòsò
181,emai,Gram: against' ('oblique contact'),gɔn
182,emai,Gram: onto' ('suspended attachment'),khuan
183,emai,Gram: emphatic subject REFLEXIVE,dobɔ̀
184,emai,Gram: 'up',úhùnmì
185,emai,Gram: inside',ɛ́kɛ́ìn
186,emai,Gram: RECIPROCAL PRONOUN,égbè
187,emai,Gram: Pro-Verb,u
188,emai,Gram: INDEFINITE Pro,émì
189,emai,Gram: a lot' ('absolute quantitative intensification'),zemi
190,emai,Gram: 'too much' ('excessive quantitive achievement'),gbe
191,emai,Gram: REFLEXIVE PRONOUN,égbè
192,emai,Gram: CAUSATIVE,rɛ
193,emai,Gram: in vain' (deactivate event fulfilment: adverbial),ba kun
194,emai,Gram: VENITIVE,re
195,emai,Gram: together' ('COLLECTIVE'),gba
196,estonian,Gram: COMITATIVE,=ga
197,estonian,"Gram: ""oblique mood"" (EVIDENTIAL)",-va(-t)
198,even,Gram: (distant) IMPERATIVE,-dA
199,even,Gram: PROGRESSIVE,-d'-
200,even,Gram: DATIVE-LOCATIVE,-du
201,even,Gram: COMITATIVE ('by the side of'),-gi.li
202,even,Gram: DESIGNATIVE Case,-gA
203,even,Gram: LOCATIVE,-lA
204,even,Gram: DESIDERATIVE,-sči-
205,even,Gram: MODALITY marker (‚not want'),ba-
206,even,Gram: numeral CLASSIFIER,-ndu
207,even,Gram: 3SG PRONOUN,noŋan
208,even,Gram: FUTURE,-d'i-
209,even,Gram: PASSIVE voice,"-w-, -m-"
210,even,Gram: CAUSATIVE,-wkAn
211,even,Gram: VENTIVE,-ne-
212,even,Gram: PLURAL,-l
213,even,Gram: POSSESSIVE AGREEMENT (here: 1SG),"-w,-u,-bu"
214,even,Gram: (Verbal) Subject AGREEMENT (here: 1SG),-m
215,even,Gram: PREVENTIVE,-k(A)
216,evenki,Gram: ATTENUATIVE,-soo-
217,finnish,Gram: POTENTIALIS,lie-
218,finnish,Gram: postposition 'until',saa(-kka)
219,finnish,Gram: INESSIVE case,-ssA (?)
220,finnish,Gram: INDEFINITE article,yksi
221,finnish,Gram: INTERROGATION,=kO
222,finnish,Gram: CONDITIONAL mood,-i
223,finnish,Gram: VERBALIZER,"-ta-, -t.ta-"
224,finnish,Gram: COMPARATIVE,-mpa
225,finnish,Gram: IMPERATIVE (2SG),< -' >
226,finnish,Gram: INFINITIVE marker,"-a, -ä"
227,finnish,Gram: Deriving Adj from Verbals,-ke-
228,french,Gram: HORTATIVE (invariable) (1st person plural),allons
229,french,Gram: INDEFINITE PRONOUN,on
230,garhwali,Gram: ERGATIVE case marker,le/-l
231,garhwali,Gram: ABLATIVE,"bāt̩i, bāt̩"
232,garhwali,Gram: QUOTATIVE marker,bal
233,german,Gram: INFINITIVE marker,zu
234,german,Gram: COMPLEMENTIZER (with finite clauses),dass
235,german,Gram: DEFINITE ARTICLE,der
236,german,Gram: RELATIVIZER (RELATIVE PRONOUN),der
237,german,Gram: INDEFINITE article (here: masculine),ein
238,german,Gram: SUBJUNCTIVE (periphrastic SUBJUNCTIVE),würde
239,german,Gram: MODAL particle (implying shared knowledge),doch
240,german,Gram: 'succeed',kriegen
241,german,Gram: EXCLAMATION,Mann
242,german,Gram: INDEFINITE PRONOUN,man
243,german,Gram: INDEFINITE PRONOUN (-NOM.SG.M),ein(-er)
244,german,Gram: PAST,(ge-...-t) haben
245,german,Gram: FUTUTRE aux,werden
246,german,Gram: PASSIVE aux,(ge-...-t) werden
247,german,Gram: PASSIVE aux (recipient passive),bekommen
248,german,Gram: 'you' (PERSONAL PRONOUN 2SG/PL HONORIFIC),Sie
249,german,Gram: adverbial clause marker,wo
250,german,Gram: RELATIVIZER (RELATIVE PRONOUN),welcher
251,german,Gram: PURPOSE preposition,zu
252,german,Gram: attributive POSSESSION (preposition),von
253,german,Gram: ANTICAUSATIVE,sich
254,guadelopeancreole,Gram: OBJECT PRONOUN,mwen
255,guineabissaukriyol,Gram: INDEFINITE ARTICLE,utru
256,guyanais,Gram: RECIPROCAL,kompannyen
257,haitiancreole,Gram: PROGRESSIVE,ap
258,haitiancreole,Gram: HABITUAL,konn
259,haitiancreole,Gram: DEFINITE ARTICLE,=la
260,haitiancreole,Gram: PLURAL (particle),yo
261,hindi,Gram: alternative QUESTION marker ('or'),ki
262,hindi,Gram: ABLATIVE,se
263,hindi,Gram: Specific DEONTIC OBLIGATION 'must',honā
264,hindi,Gram: INTRANSITIVE/MEDIO-PASSIVE marker,honā
265,hindi,Gram: DURATIVE continuative,rahnā
266,hindi,Gram: PROGRESSIVE,rahnā
267,hindi,Gram: HABITUAL /FREQUENTATIVE,karnā
268,hindi,Gram: TERMINATIVE,cuknā
269,hindi,Gram: INCHOATIVE,lagnā
270,hindi,Gram: DATIVE case marker,ko
271,hindi,Gram: ACCUSATIVE case marker,ko
272,hindi,Gram: ERGATIVE case marker,ne
273,hindi,Gram: 'by (means of)',dvārā
274,hindi,Gram: near (SPATIAL postposition),pās
275,hindi,Gram: behind (SPATIAL postposition),pīcche
276,hindi,Gram: CONVERB marker,"-kar, -ke"
277,hindi,"Gram: FOCUS, EMPHATIC marker (of possessor)",apnī
278,hindi,"Gram: constraining OBLIGATION ('be obliged to, have to')",paṛnā
279,hindi,"Gram: default POSSIBILITY 'can, may'",saknā
280,hindi,"Gram: POSSIBILITY mood ""can"" ""succeed""",pānā
281,hindi,"Gram: ABILITY mood ""be able""",ānā
282,hindi,"Gram: OBLIGATION ""should""",cāhie
283,hindi,Gram: GENITIVE marker,kā
284,hindi,Gram: PERSONAL PRONOUN (2. person HONORIFIC),āp
285,hindi,Gram: FUTURE (suffix),-gā
286,hindi,Gram: REFLEXIVE 'self',apne
287,hindi,Gram: PASSIVE voice marker (transitive and intransitive),jānā
288,hindi,Gram: TRANSITIVITY/CAUSATIVE marker,karnā
289,hindi,Gram: PERMISSIVE CAUSATION aux,denā
290,hindi,"Gram: CONJUNCTION ('then, so')",to
291,hindi,Gram: TOPIC (Contrastive topic particle),to
292,hindi,Gram: RELATIVIZER (Correlative after a relative),to
293,hoocak,Gram: PLURAL marker (SAP),-wi
294,hoocak,Gram: CONTINUATIVE aspect,=(h)ak/=(h)ąk
295,hoocak,Gram: FREQUENTATIVE,=ke
296,hoocak,Gram: SUBORDINATOR (SIMULTANITY),='ų
297,hoocak,Gram: CONTINUATIVE aspect,-he
298,hoocak,Gram: PROPER NAME marker,=ga
299,hoocak,Gram: DEFINITE ARTICLE,=ra
300,hoocak,Gram: first person DUAL/PLURAL (inclusive) UNDERGOER prefix,"wąągá-, wąągá-...-wi"
301,hoocak,Gram: INSTRUMENTAL prefix ('by hand'),ru-
302,hoocak,Gram: general LOCATIVE postposition,eeja
303,hoocak,Gram: INDEFINITE ARTICLE,=(h)ižą
304,hoocak,Gram: DIMINUTIVE marker,"=nįk, =įk"
305,hoocak,Gram: FEMALE (sexus marker for proper names),-wį
306,hoocak,Gram: FOCUS marker,=ži
307,hoocak,Gram: SUBORDINATOR (CONTINUATIVE),=ga
308,hoocak,Gram: IMPERATIVE marker,=re
309,hoocak,"Gram: PERSONAL PRO (3rd person, emphatic)",'ee
310,hoocak,Gram: QUOTATIVE marker,=že/=še
311,hoocak,Gram: ADVERBIALIZER (TEMPORAL),=re
312,hoocak,Gram: TOPIC marker,=gi
313,huanca,Gram: DEFINITE DETERMINER,"-kaʔ, -ka:"
314,hungarian,Gram: SUPERESSIVE,-(V)n
315,hungarian,Gram: DEFINITE article,a/z
316,hungarian,"Gram: inside, interior'",bel-
317,hungarian,Gram: TEMPORAL marker,=kor
318,hungarian,Gram: FUTURE aux,fog
319,italian,Gram: change of state,andare
320,italian,Gram: HABITUAL,andare
321,italian,Gram: succeed',arrivare
322,italian,Gram: ABILITY,arrivare
323,italian,Gram: pro-verb,fare
324,italian,Gram: personal pronoun '(to) us/ourselves',ci
325,italian,"Gram: PASSIVE (+ PAST.PARTICIPLE/INF) (e.g., si vide. RFL see.PST.3SG/si videro RFL see.PST.3PL)",veder-si (+V)
326,italian,Gram: marker of adverbial  (temporal) clause,quando
327,italian,Gram: RELATIVIZER,dove
328,italian,"Gram: personal pronoun, 3SG.M","lui, egli"
329,jamaican,Gram: PAST,wehn
330,japhug,Gram: CONDITIONAL (SUBORDINATOR),apɯŋu
331,japhug,Gram: delimitive TOPIC marker,pɯpɯŋunɤ
332,japhug,Gram: FOCUS,ŋu
333,japhug,Gram: CAUSAL SUBORDINATOR ('for this reason'),núndʐa
334,japhug,Gram: PERSONAL PRO (3rd person),nɯ
335,japhug,Gram: (3SG-) DATIVE marker,ɯ-ɕki
336,japhug,Gram: COMITATIVE,ɯ-rca
337,japhug,Gram: PURPOSIVE linker (SUBORDINATOR),ɯspa
338,japhug,Gram: PURPOSIVE linker (SUBORDINATOR),nɯmga
339,japhug,Gram: DIMINUTIVE,-pɯ
340,japhug,Gram: INTENSIVE(-REFLEXIVE),-ʑo
341,japhug,Gram: INDEFINITE PRONOUN,tɯrme
342,japhug,Gram: REFLEXIVE,-ʑɣɤ-
343,japhug,Gram: periphrastic CAUSATIVE,sɯβzu
344,japhug,Gram: UNEXPECTEDNESS marker,rcanɯ
345,japhug,Gram: ANDATIVE prefix,"ɕɯ-, ɕ-, s-, z-"
346,japhug,Gram: VENITIVE prefix,ɣɯ-
347,japhug,Gram: alternative CONJUNCTION 'whether',me
348,japhug,Gram: DUAL clitic,=ni
349,japhug,Gram: PAST IMPERFECTIVE marker,"pɯ-, pjɤ-"
350,japhug,Gram: aforementioned TOPIC marker,jiɕqha
351,japhug,Gram: SENSORY prefix (EVIDENTIAL: knowledge mediated through observation or second hand),ɲɯ-
352,japhug,Gram: EGOPHORIC prefix (EVIDENTIAL: personally experienced knowledge),ku-
353,japhug,Gram: ANTIPASSIVE voice marker,rɤ-
354,jubaarabic,Gram: CAUSATIVE,amulu
355,jula,Gram: GENITIVE (alienable) postposition,tá
356,ket,Gram: Nominal Subject AGREEMENT Suffix,-du
357,ket,Gram: 3rd PERSON AGREEMENT marker,-jə
358,ket,Gram: ITERATIVE,-iŋ
359,ket,Gram: CONDITIONAL,sim
360,ket,Gram: OPTATIVE,qān
361,ket,"Gram: PLURAL, PLURACTIONAL marker",-ŋ
362,ket,Gram: PAST,-in
363,ket,Gram: PROX FUTURE,qam
364,ket,Gram: DATIVE,-a
365,ket,Gram: TRANSITIVIZER for motion verbs,-k-
366,ket,Gram: ITERATIVE for transitive verbs,-bɛt
367,ket,Gram: top of,=ʌʌd=
368,ket,Gram: between' (postposition),=bal=
369,ket,Gram: (INCEPTIVE) CAUSATIVE,-q-...-it
370,ket,Gram: CARITIVE case marker,-an
371,ket,Gram: COMPLEMENTIZER,bila
372,ket,Gram: RELATIVIZER,qorɛ
373,ket,Gram: subordinate clause suffix (temporal subordinator),-kupka
374,ket,Gram: STATIVE-RESULTATIVE Circumfix,-ja- + -aj
375,ket,Gram: Adjective PLURAL AGREEMENT marker,-ŋ
376,ket,Gram: Event PLURALITY,-(V)ŋ
377,ket,Gram: INFINITIVE,ø
378,khmer,Gram: COMITATIVE marker,cì:ǝ
379,khmer,"Gram: in the function of, as' (preposition)",cì:ǝ
380,khmer,Gram: CONCESSIVE,cì:ǝ
381,khmer,Gram: QUOTATIVE marker,cì:ǝ
382,khmer,"Gram: derivational marker (of many adverbs, ""ADVERBIALIZER"")",cì:ǝ
383,khmer,Gram: DEFINITENESS,nùh
384,khmer,Gram: INTENSIFIER-REFLEXIVE,khlu:ǝn
385,khmer,Gram: COMPLETIVE,cɔp
386,khmer,Gram: PERFECTIVE,haǝy
387,khmer,Gram: INCREMENTAL DEVELOPMENT,tɤ̀u
388,khmer,Gram: CONTINUOUS,nɤ̀u
389,khmer,Gram: until',dɔl
390,khmer,Gram: ACCORDING TO (preposition),ta:m
391,khmer,Gram: INSTRUMENTAL (used only with vehicles),ta:m
392,khmer,Gram: INSTRUMENTAL (general),daoy
393,khmer,Gram: MATERIAL (in the sense of 'made of'),daoy
394,khmer,Gram: BENEFACTIVE (preposition),Ɂaoy
395,khmer,Gram: DATIVE,Ɂaoy
396,khmer,Gram: 'together'/COMITATIVE,cì:ǝmù:ǝynɯ̒ŋ
397,khmer,Gram: INSTRUMENTAL marker,yɔ̀:k
398,khmer,Gram: LOCATIVE preposition,nɤ̀u
399,khmer,Gram: ALLATIVE,dɔl
400,khmer,Gram: preposition indicating DIRECTION to GOAL near speaker,mɔ̀:k
401,khmer,Gram: SPATIAL ALONG/PATH,ta:m
402,khmer,Gram: ALLATIVE,tɤ̀u
403,khmer,Gram: LOCATIVE marker (prefix of relational noun),kha:ŋ-
404,khmer,Gram: CONSECUTIVE,rù:ǝc
405,khmer,Gram: COORDINATIVE particle 'and',haǝy(-nɯ̒ŋ)
406,khmer,Gram: adverbial SUBORDINATOR: CAUSE,daoy
407,khmer,Gram: INDEFINITNESS,mù:ǝy
408,khmer,Gram: ABILITY,ba:n
409,khmer,Gram: PERMISSIVE,ba:n
410,khmer,Gram: POSSIBILITY,ba:n
411,khmer,Gram: succeed',ba:n
412,khmer,Gram: HORTATIVE,tɤ̀u
413,khmer,Gram: CLASSIFIER,kba:l
414,khmer,Gram: EGRESSIVE (DIRECTIONAL verb),ceɲ
415,khmer,Gram: POSSESSION marker,rǝbɔh
416,khmer,Gram: TEMPORAL adverbial,dɔl
417,khmer,Gram: PAST,ba:n
418,khmer,Gram: CAUSATIVE,thvɤ̀
419,khmer,Gram: CAUSATIVE,Ɂaoy
420,khmer,Gram: QUOTATIVE marker,tha:
421,khmer,Gram: VENITIVE (DIRECTIONAL verb),mɔ̀:k
422,khmer,Gram: ANDATIVE (DIRECTIONAL verb),tɤ̀u
423,khmer,"Gram: marker of adverbials (""ADVERBIALIZER"")",daoy
424,khmer,Gram: PURPOSE,Ɂaoy
425,khmer,Gram: MANNER,Ɂaoy
426,khmer,Gram: COMPLEMENTIZER,Ɂaoy
427,kitamaninka,Gram: PERFECT suffix (for inTRANSITIVE),-nín
428,kitamaninka,Gram: PERFECT predicative marker (for TRANSITIVE),nànín
429,kitamaninka,Gram: PAST,tèré
430,korean,Gram: TOPIC PRESENTATION,-ketun
431,korean,Gram: PROGRESSIVE,-ko.iss-
432,korean,Gram: RESULTATIVE (+HON),-ko.iss-
433,korean,Gram: subject honorification,-si-
434,korean,Gram: PAST,-eys-
435,korean,Gram: after (TEMPORAL Conjunction),-n.twiey
436,korean,Gram: INCHOATIVE,-e.ci-
437,korean,Gram: HABITUAL,-kon.ha-
438,korean,Gram: COMPLETIVE Aspect,-e.mek-
439,korean,Gram: CONTINUATIVE aux,-e.o-
440,korean,Gram: Change-of-State,-e.ka-
441,korean,Gram: COMPLETIVE (aux),e.noh-
442,korean,Gram: HABITUAL aux,-ko.ancass
443,korean,Gram: DATIVE/LOCATIVE,-ey
444,korean,Gram: NOMINATIVE (Honorific),-kkeyse
445,korean,Gram: INSTRUMENTAL,-(ul)kac(i)ko
446,korean,Gram: BENEFACTIVE,-(ul)wihay
447,korean,"Gram: along, according to'",-(ul/ey) ttala
448,korean,Gram: BENEFACTIVE,-e.cwu-
449,korean,Gram: COMPARATIVE marker ('than'),-pota
450,korean,Gram: Similative connective ('as'),-tasiphi
451,korean,Gram: Similative,-chelem
452,korean,Gram: ABLATIVE (postposition),-pwuthe
453,korean,Gram: Behind (Spatial postposition),-(uy).twiey
454,korean,Gram: ALLATIVE postposition,-poko
455,korean,"Gram: LOCATIVE postposition (near, next to, at)",(-uy) yephey
456,korean,Gram: COMPLEMENTIZER (Declarative),-tako
457,korean,Gram: COMPLEMENTIZER,-l kes
458,korean,Gram: Cause/Reason Subordinator,-ntey
459,korean,Gram: Cause/Reason subordinator,-e.kacko
460,korean,Gram: DIMINUTIVE SUFFIX,"-aci,-akwi"
461,korean,Gram: PEJORATIVE (Derivational Suffix),-meli
462,korean,Gram: Inferential EVIDENTIALITY,-l.tus.ha-
463,korean,Gram: Inferential EVIDENTIALITY,-na/kka.siph-
464,korean,Gram: identicality ('same'),han
465,korean,Gram: Dissatisfaction (delimiting particle),-(i)nama
466,korean,Gram: DESIDERATIVE,-ko.siph-
467,korean,Gram: PROHIBITIVE,-myen.an.toy-
468,korean,Gram: OBLIGATION,-nun.pep.i-
469,korean,Gram: SUGGESTIVE,-myen.toy-
470,korean,Gram: POSSIBILITY,-l.swu(to).iss-
471,korean,Gram: CERTAINTY,thullim.eps-
472,korean,Gram: (strong) INTENTION,-l.they-
473,korean,Gram: (tentative) INTENTION,-lkka.po-
474,korean,Gram: INTENTION,-lye(ko)ha-
475,korean,Gram: OBLIGATION MODAL aux,-(e)ya.ha-
476,korean,Gram: Promissive ('sentence-ender'),-l.key
477,korean,Gram: CLASSIFIER (for animals!),mali
478,korean,Gram: CLASSIFIER (handful),son
479,korean,Gram: Counterexpectation' ('[not] even'),-cocha
480,korean,Gram: Counterexpectation,-mace
481,korean,Gram: Pers PRON 2SG HON,kutuy
482,korean,Gram: Pers PRON 1SG HUM,sosin
483,korean,Gram: Pers PRON 2SG HON,imca
484,korean,Gram: addressee honorification,"-sAp-, -zAp-, -cAp, -Ap-"
485,korean,Gram: Pro-Verb,ha-
486,korean,Gram: Pers Pro 3SG,i.salam
487,korean,"Gram: APPROXIMATIVE quantifier ('about', 'some')",han
488,korean,Gram: FUTURE,-l.kesi-
489,korean,Gram: PASSIVE,-pat-
490,korean,Gram: PASSIVE,-e.ci-
491,korean,Gram: CAUSATIVE,-key.ha-
492,korean,Gram: PREVENTIVE (APPREHENSIONAL),-lkkapwa
493,korean,Gram: AVERTIVE,-l.ppen.ha-
494,korean,Gram: ANDATIVE (PROGRESSIVE),-e.ka-
495,korean,Gram: NOMINALIZER,kes
496,korean,"Gram: NOMINALIZER (state of x [undesirable situation]), mermaid construction",cikyeng
497,korean,Gram: COPULA,i-
498,korean,Gram: GENITIVE,-uy
499,korean,Gram: RELATIVIZER (Participle-formant),-n
500,kott,Gram: Verbfinal Subject AGREEMENT,"-aŋ, -u, -toŋ, -oŋ"
501,kott,Gram: LOCATIVE case Suffix,-(ŋ)ha:t
502,koyaga,Gram: INTENTION MODAL aux,kó
503,kryz,Gram: PROGRESSIVE,-ra ʕaǯa
504,kryz,Gram: FUTURE,-ija
505,kryz,Gram: derivational marker for ordinal numerals,liji
506,kryz,Gram: CAUSATIVE aux,vujiz
507,kurdishkurmanji,Gram: INDEFINITE,-ek
508,kurdishsorani,Gram: DEFINITE article/marker,-ak
509,lezgian,Gram: AORIST,-na
510,lezgian,Gram: INFINITIVE,-z
511,lezgian,Gram: PERFECT,-nwa
512,lezgian,Gram: INDEFINITE Pronoun marker,xajit'a꞊ni
513,lezgian,Gram: ANTICAUSATIVE,xun
514,lezgian,Gram: CONTINUATIVE PRESENT,-zma
515,lezgian,Gram: BENEFACTIVE postposition,pataldi
516,lezgian,Gram: COMPLEMENTIZER,luhuz
517,lezgian,Gram: hearsay EVIDENTIALITY,-lda
518,lezgian,Gram: reinforced negative Pronoun,sa
519,lezgian,Gram: VERIFICATIVE,(-t'a) akːʷ-
520,lezgian,Gram: REPETITIVE,"q(i)-, χ(u)-, -χ-"
521,lowersorbian,Gram: EXISTENTIAL COPULA,daś
522,lowersorbian,Gram: HORTATIVE,daś
523,luri,Gram: PLURAL suffix,-gal
524,macedonian,Gram: Enclitic ARTICLE,-ov
525,macedonian,Gram: concessive (conjunction),neka
526,makassarese,Gram: DEFINITE article,-a
527,manchu,Gram: DIRECTIONAL,-ŋgi
528,mandarin,Gram: PROGRESSIVE aspect marker,zài < 在 >
529,mandarin,Gram: LOCATIVE preposition,zài < 在 >
530,mandarin,Gram: RESULTATIVE complement ('-finish'),wán < 完 >
531,mandarin,Gram: PERFECTIVE suffix,-le <了 >
532,mandarin,Gram: sentence-final PERFECT particle,le <了 >
533,mandarin,"Gram: DURATIVE suffix, IMPERFECTIVE suffix",-zhe < 着 >
534,mandarin,Gram: EXPERIENTIAL aspect suffix,-guo < 过(過) >
535,mandarin,Gram: RESULTATIVE complement,dào < 到 >
536,mandarin,Gram: RESULTATIVE complement,jiàn < 见 >
537,mandarin,Gram: RESULTATIVE (PERFECTIVE) complement,shàng < 上 >
538,mandarin,"Gram: coverb, CAUSATIVE marker, disposal marker, etc.",bǎ < 把 >
539,mandarin,"Gram: preposition/coverb 'until, til'",dào < 到 >
540,mandarin,"Gram: preposition/coverb 'to, for'",gěi < 给 >
541,mandarin,Gram: COMITATIVE marker,gēn < 跟 >
542,mandarin,Gram: postposition or relational noun (for time/space marking),shàng < 上 >
543,mandarin,"Gram: preposition/coverb 'behind, following' (in 'gēn-zhe')",gēn < 跟 >
544,mandarin,Gram: preposition/coverb 'with back to' (in 'bèi-zhe'),bèi < 背 >
545,mandarin,"Gram: COPULA (& FOCUS marker, verbal anaphor 'be so')",shì < 是 >
546,mandarin,"Gram: modal auxiliary (dynamic, deontic, epistemic)",yào < 要 >
547,mandarin,"Gram: modal auxiliary (dynamic, deontic, epistemic)",néng < 能 >
548,mandarin,Gram: POTENTIAL marker,de < 得 >
549,mandarin,Gram: numeral CLASSIFIER,bǎ < 把 >
550,mandarin,Gram: numeral CLASSIFIER,shŏu < 手 >
551,mandarin,Gram: numeral CLASSIFIER,tóu < 头 >
552,mandarin,Gram: numeral CLASSIFIER,shēn < 身 >
553,mandarin,Gram: general numeral CLASSIFIER,gè < 个 >
554,mandarin,Gram: pronoun (3rd or 1st),rén < 人 >
555,mandarin,"Gram: all, whole'",yi <一 >
556,mandarin,Gram: FUTURE auxiliary,yào < 要 >
557,mandarin,Gram: modal auxiliary (epistemic NECESSITY > FUTURE),huì < 会(會) >
558,mandarin,"Gram: PASSIVE marker, coverb",bèi < 被 >
559,mandarin,"Gram: CAUSATIVE, PASSIVE",gěi < 给 >
560,mandarin,Gram: VENITIVE DIRECTIONAL marker,lái < 来 >
561,mandarin,Gram: VENITIVE DIRECTIONAL marker,qù < 去 >
562,mandinka,Gram: INCOMPLETIVE marker (HABITUAL situation),kà
563,mandinka,Gram: 'except',fó
564,mandinka,Gram: non-finite verbal suffix (COMPLEMENTIZER of MODAL verbs),-lá
565,mandinka,Gram: PLURAL suffix,-lú
566,mandinka,Gram: INTERROGATIVE marker,fó
567,mandinka,Gram: (default clitic) DETERMINER,=ò
568,mandinka,Gram: (default clitic) DETERMINER,=ŋ̀
569,mandinka,Gram: RELATIVIZER,"mɛ̂n, mîn"
570,mandinka,Gram: INCHOATIVE aux,bòyí
571,mandinka,Gram: PROXIMATIVE (aux verb),làfí
572,mandinka,Gram: multifunctional postposition (e.g. INSTRUMENTAL),lá
573,mandinka,Gram: 'in contact with' (postposition),bálá
574,mandinka,Gram: SPATIAL postposition 'under',kɔ́rɔ́
575,mandinka,Gram: SPATIAL postposition ('at N's place'),yǎa
576,mandinka,Gram: COMPLEMENTIZER,kó
577,mandinka,Gram: SUBORDINATOR 'whereas',à yè à tàrá
578,mandinka,Gram: PURPOSE (conjunction),ko
579,mandinka,Gram: COPULA,yé
580,mandinka,Gram: INTENTION (aux verb),làfí
581,mandinka,Gram: H-POSSESSIVE (verb),sòtó
582,mandinka,Gram: INDEFINITE determiner 'some',dóo
583,mandinka,Gram: PAST,nǔŋ
584,mandinka,Gram: ANTIPASSIVE /NOMINALIZER suffix,-rí
585,mandinka,Gram: CAUSATIVE,-ndí
586,mandinka,Gram: centripetal marker,nǎŋ
587,mandinka,Gram: VENITIVE (adverb),nǎŋ
588,mandinka,Gram: TEMPORAL SUBORDINATOR 'as soon as',dóróŋ
589,mandinka,Gram: DEFINITE marker ('the N in question'),à
590,mandinka,Gram: person AGREEMENT marker,"ŋà, ŋá"
591,mandinka,Gram: GENITIVE (alienable) postposition,lá
592,mandinka,Gram: OBLIGATION marker,fó
593,mandinka,Gram: conjunction/preposition 'like',kó
594,mandinka,"Gram: saying that', 'under the pretext that', 'on the ground that' (quotative subordinator)",kó
595,mandinka,Gram: IMMINENCE aux 'be about to',kó
596,maninkamori,Gram: PERFECT predicative marker,"bárá, bádá"
597,maninkamori,Gram: COMPLETIVE (TAM-marker),"bárá, bádá"
598,mauritiancreole,Gram: DATIVE (particle),"avek, ek"
599,mian,Gram: CONTINUATIVE,-bi
600,mian,Gram: SWITCH-REFERENCE,-b
601,mian,Gram: (NON-HESTERNAL) PAST,-bio
602,mian,Gram: PERSONAL PRO (3rd person),é
603,mian,Gram: 'keep doing',be-
604,mian,Gram: COMPLETIVE,deibo᷈
605,mian,Gram: PERFECTIVE,-lo
606,mian,Gram: LOCATIVE,-daa
607,mian,Gram: SPATIAL marker 'in',tem
608,mian,Gram: 'behind' (adposition),dǎang
609,mian,Gram: MALE (uninflected modifier),naka
610,mian,Gram: FEMALE (uninflected modifier),unǎng
611,mian,Gram: 'on' (SPATIAL/TEMPORAL),dim
612,mian,Gram: (predicative) POSSESSION marker,dim=o bi
613,mian,Gram: HESTERNAL PAST,-so
614,mian,Gram: APPLICATIVE,-ub
615,mian,Gram: QUOTATIVE,ge
616,mian,Gram: SUBJ AGREEMENT (2./3.PL.) suffix,-ib
617,mian,Gram: DEFINITE ARTICLE,=e
618,middlepersian,Gram: FUTURE,kām-
619,middlepersian,Gram: COMPLEMENTIZER,kū
620,mohawk,Gram: COMPLEMENTIZER,ne
621,mohawk,Gram: DEFINITE ARTICLE,"ne, n"
622,mohawk,Gram: BENEFACTIVE (HABITUAL),-awi
623,mohawk,Gram: BENEFACTIVE,-ni
624,mohawk,"Gram: LOCATIVE ('in, into')",-akon
625,mohawk,Gram: Augmentative,=kó:wa
626,mohawk,Gram: EVIDENTIAL (hearsay),ia:ken
627,mohawk,Gram: (internal ABILITY) modal marker,-kwé:ni'
628,mohawk,Gram: CAUSATIVE,-hst
629,mohawk,Gram: APPLICATIVE,hkw-
630,mohawk,Gram: derivational marker (for places),-akon
631,mohawk,Gram: PLURAL (allomorph),=okon'a
632,mohawk,Gram: MEDIO-PASSIVE (middle voice),-at-
633,mori,Gram: associative PLURAL marker (with personal names and kin terms),ondae
634,nanai,Gram: NEG suffix,"-e-, -a-"
635,nanai,Gram: QUOTATIVE (enclitic),=(j)Am
636,nanai,Gram: PLURAL,"-sal, -sel"
637,negerhollands,Gram: COMPLETIVE Aspect,kā
638,negerhollands,Gram: FUTURE,lo
639,newpersian,Gram: marker (clitic) of DEFINITE direct objects,=rā
640,newpersian,Gram: FOCUS marker (clitic),=rā
641,newpersian,Gram: PROXIMATIVE,rav-
642,newpersian,Gram: PROXIMATIVE,xwāh
643,newpersian,Gram: FEMALE,zan
644,newpersian,Gram: INTENSIVE-REFL,tan
645,newpersian,Gram: 'have',dār-
646,newpersian,Gram: PRESENT tense affix,mī-
647,newpersian,Gram: FUTURE,xwāh
648,newpersian,Gram: PASSIVE (MEDIO-PASSIVE light verb),šod
649,newpersian,Gram: “ezâfe” (clitic linking head noun to depending elements),=e
650,newpersian,"Gram: modal prefix, today SUBJUNCTIVE",be-
651,newpersian,Gram: PLURAL suffix,-hā
652,newpersianafghan,Gram: CONTINUOUS,raw-
653,northjuninquechua,Gram: with special attention (INTENSIVE),-y(k)u
654,northjuninquechua,Gram: PERFECTIVE aspect,"-ru, -ra"
655,nyigina,Gram: PROGRESSIVE marker,-arnda
656,nyigina,Gram: until' (postposition),-yibur(u)
657,nyulnyul,Gram: Change of State (Preverb),-jid
658,nyulnyul,Gram: CONTINUOUS,"-na, -n"
659,nyulnyul,Gram: INDEFINITE,warinyjirr
660,nyulnyul,Gram: 'same',warinyjirr
661,nyulnyul,Gram: predicative POSSESSION ('have'),-bakand
662,nyulnyul,Gram: COPULA (POSSESSIVE),jirr
663,ossetic,Gram: TRANSITIVE PAST endings (here: 1SG.TR),-t-
664,ossetic,Gram: PASSIVE (analytical PASSIVE),cæu-
665,pacaraosquechua,"Gram: TERMINATIVE case marker ('until', 'as long as')",-kama
666,palenquero,Gram: HABITUAL,asé
667,parthian,Gram: POTENTIAL,"kar-, kird"
668,pashto,Gram: COPULA (here: 3SG M),dəy
669,persian,Gram: PERSONAL PRO (3rd person),ū
670,persian,Gram: MALE,mard
671,persian,Gram: CAUSATIVE,"kon-, kard"
672,persian,Gram: CAUSATIVE,dā-
673,persian,Gram: general subordinator,ke
674,pimabajo,Gram: NOMINALIZER,-ka
675,pimabajo,Gram: ADJECTIVIZER,-kam
676,pimabajo,Gram: inflected subordinator,ko
677,pimabajo,Gram: DEFINITE DETERMINER,ɨg
678,pimabajo,Gram: PERSONAL PRO (3rd person),(h)ɨg
679,pimabajo,Gram: CONTINUOUS/PROGRESSIVE aspect,-im
680,pimabajo,Gram: STATIVE suffix,-ka
681,pimabajo,Gram: INDEFINITE ARTICLE 'a',(h)ɨmak
682,pimabajo,Gram: CLASSIFIER for pet POSSESSION,soig
683,pimabajo,Gram: POSSESSIVE alienable marker,-ga
684,pimabajo,Gram: CAUSATIVE,tar
685,pimabajo,Gram: QUOTATIVE (also: EVIDENTIAL/REPORTATIVE),as [aš]
686,pimabajo,Gram: EVIDENTIAL,tua
687,pimabajo,Gram: CAUSATIVE,-tua
688,pimabajo,Gram: PLURAL suffix on nouns,-(i)m
689,pimabajo,Gram: inalienable POSSESSION,-di/-r
690,pimabajo,Gram: MIDDLE marker,a=
691,pimabajo,Gram: AGREEMENT marker,a=
692,pimabajo,Gram: RELATIVIZER,ɨbiga
693,pimabajo,Gram: COMPLEMENTIZER,-dam
694,polish,Gram: Verbal AGREEMENT,-m
695,polish,Gram: (resultative) PERFECT,mieć
696,polish,Gram: PASSIVE aux,Zostać
697,principense,Gram: PAST,tava
698,quechuai,Gram: ABLATIVE case marker,-pita
699,quechuai,Gram: PROGRESSIVE aspect,"-yka(:)-, -ya(:)-"
700,quechuai,"Gram: CONJUNCTION (causal, consecutive, temporal)",čay
701,quechuai,Gram: after' (TEMPORAL postposition),uša-
702,quechuai,Gram: behind' (SPATIAL postposition),waqta
703,quechuai,Gram: LOCATIVE case marker,-č̣aw
704,quechuai,Gram: behind' (SPATIAL postposition),waša
705,quechuai,Gram: COMPLEMENTIZER,ni-
706,quechuai,Gram: 'same',huk
707,quechuai,Gram: 'upper part of body (positional meaning)',uma
708,quechuai,Gram: VENITIVE,-mu-
709,quechuaii,Gram: ABLATIVE case marker,-manta
710,quechuaii,Gram: RELATIVIZER,čay
711,quechuaii,Gram: INCEPTIVE derivational marker,ri-
712,quechuaii,Gram: FEMALE,warmi
713,quechuaii,Gram: (verbal) PLURAL (2nd person),-čik
714,quechuaii,Gram: INDEFINITE PRON ('someone else'),runa
715,quechuaii,Gram: PLURALIZER (for 1st and 3rd person),-ku
716,quechuaii,Gram: (verbal) PLURAL marker (1st and 3rd person),-ku
717,quechuaii,Gram: NARRATIVE PAST (with a mirative overtone),-sqa
718,ratahan,Gram: VENITIVE marker,mai
719,romanian,Gram: FUTURE (spoken and informal registers) (+ subjunctive complementizer),=o (+ să)
720,romansh,Gram: INDEFINITE MARKER,ins
721,russian,Gram: ANTIRESULTATIVE,bylo (+ -l-)
722,russian,Gram: FUTURE aux,budet
723,russian,Gram: GENERAL PAST,-l
724,russian,Gram: MODAL aux ('can'),moč'
725,russian,Gram: HORTATIVE particle,pust'
726,russian,Gram: circumstantical MUST (acquisitive modal),prixodit'sja
727,russian,Gram: CAUSATIVE aux,dat'
728,russian,Gram: INEXPECTATIVE (MODAL aux),vzjat'
729,russian,Gram: Counterfactual CONDITIONAL,"-i, -j"
730,russian,Gram: Adjective inflection,-(o/e)j + V
731,russian,Gram: PASSIVE voice,-sja
732,rutul,Gram: FUTURE,-si
733,rutul,Gram: because,his xujnɨ
734,rutul,Gram: HORTATIVE,jɨq'a
735,semnani,Gram: verbal affix in PAST (here: 3SG),=eš
736,seychellescreole,Gram: PAST,ti
737,seychellescreole,Gram: FOCUS marker,sa
738,seychellescreole,Gram: FUTURE,pou
739,seychellescreole,Gram: COMPLETIVE Aspect,"fin, (i)n"
740,seychellescreole,Gram: INSTRUMENTAL,pran
741,seychellescreole,Gram: PATIENT marker,pran
742,seychellescreole,Gram: LOCATIVE (marker),kot
743,seychellescreole,Gram: COMPLEMENTIZER,pourdir
744,seychellescreole,Gram: PLURAL (particle),bann
745,seychellescreole,Gram: RECIPROCAL,kanmarad
746,seychellescreole,Gram: PASSIVE,ganny
747,slovak,Gram: HORTATIVE aux,nech
748,sogdian,Gram: COPULA,(ə)xu
749,sogdian,Gram: TRANSITIVE PERFECT marker,δˀr-
750,sogdian,Gram: FUTURE (prefix),kām
751,sogdian,Gram: POTENTIAL for MIDDLE voice / PASSIVE,bw-
752,sogdian,Gram: DEFINITE ARTICLE (here: M),(ə)xu
753,sogdian,Gram: PLURAL suffix,-t
754,sogdianmanichean,Gram: PROGRESSIVE,skwn
755,solomonislandspijin,"Gram: 'before', 'in front of'",fastaem
756,southernaymara,Gram: existential VERBALIZER,-nk(a)
757,spanish,Gram: PLURAL,-s
758,spanish,Gram: PROGRESSIVE,estar
759,spanish,Gram: PASSIVE aux,ser
760,spanish,Gram: PERFECT marker,haber
761,spanish,Gram: motion PROGRESSIVE periphrasis,andar
762,spanish,Gram: CONTINUOUS,venir
763,spanish,Gram: CONTINUOUS,ir
764,spanish,Gram: CONTINUOUS,seguir
765,spanish,Gram: INDEFINITE article  (M),un
766,spanish,Gram: IMPERSONAL/INDEFINITE marker,la gente
767,spanish,Gram: INDEFINITE ARTICLE,unum/-am
768,spanish,Gram: epistemic MODALITY,haber
769,spanish,Gram: POSSESSION,tener
770,spanish,Gram: FUTURE (aux),ir (a)
771,spanish,Gram: RECENT PAST,acabar (de)
772,spanish,Gram: PASSIVE-like aux,quedar
773,spanish,Gram: CAUSATIVE,hacer
774,spanish,Gram: CAUSATIVE,hacer
775,spanish,Gram: epistemic MODALITY aux,deber
776,spanish,Gram: feminine SINGULAR,-a
777,spanish,Gram: prenominal determiner POSSESSIVE (clitic),mi
778,spanish,Gram: COMPLEMENTIZER,que
779,spanish,Gram: invariant RELATIVIZER,que
780,spanish,Gram: DEFINITE ARTICLE (F),la
781,spanish,Gram: DATIVE marker,a
782,spanish,Gram: marker of non-canonical Os (DOM),a
783,spanish,Gram: PARTITIVE marker,de
784,spanish,Gram: POSSESSION marker 'of',de
785,spanish,Gram: impersonal/INDEFINITE marker,se
786,spanish,Gram: marker of the lack of control of the subject,se
787,spanish,Gram: marker of PASSIVE voice,se
788,sranan,Gram: DEFINITE ARTICLE,a
789,sranan,Gram: SPATIAL postposition,tapu
790,sranan,Gram: COMPLEMENTIZER,taki
791,sranan,Gram: INDEFINITE ARTICLE,wan
792,srilankaportugese,Gram: ACCUSATIVE,-pa
793,tabasaran,Gram: COMPLEMENTIZER,k'uri
794,tabasaran,Gram: derivational marker for ordinal numerals,-pi
795,tabasaran,"Gram: AGREEMENT marker (here:2SG, dative)",-vuz
796,tabasaran,Gram: PERFECTIVE prefix,ʁ-
797,tajio,Gram: INCOMPLETIVE clitic,=po
798,tajio,Gram: numeral CLASSIFIER (default for objects),bua
799,tajio,Gram: RELATIVIZER,to
800,talyshi,Gram: FOCUS,=m
801,talyshi,Gram: GENITIVE prefix (of PRONOUNs),ča-
802,tatjewish,Gram: COMPLEMENTIZER,=ho
803,tatjewish,Gram: PASSIVE aux,omor-
804,tatmuslim,Gram: PRESENT tense,ba-V(PST)-an=üm
805,tatmuslim,Gram: HORTATIVE (IRR-leave.IMP2SG),(b-)il
806,ternatechabacano,Gram: RECIPROCAL,hugá
807,thai,"Gram: preposition/coverb meaning 'in the function of, as'",pen
808,thai,Gram: ABILITY (in terms of LEARNED ABILITY),pen
809,thai,Gram: DEFINITENESS,nán
810,thai,Gram: earlier',lăŋ
811,thai,Gram: CLASSIFIER,lăŋ
812,thai,Gram: after',lăŋ
813,thai,Gram: COMPLETIVE,sèt
814,thai,Gram: CONTINUOUS,yùu
815,thai,Gram: ACCORDING TO,taam
816,thai,Gram: BENEFACTIVE (preposition),hâj
817,thai,Gram: DATIVE,hâj
818,thai,Gram: beside',(khâŋ)khâaŋ
819,thai,Gram: INSTRUMENTAL,Ɂaw
820,thai,Gram: behind',lăŋ
821,thai,Gram: ALLATIVE,thy̌ŋ
822,thai,Gram: Coverb/preposition indicating DIRECTION to GOAL near speaker,maa
823,thai,Gram: SPATIAL:ALONG/PATH,taam
824,thai,Gram: preposition (indication DIRECTION to GOAL away from speaker),paj
825,thai,Gram: ALLATIVE (preposition),Ɂɔ̀ɔk
826,thai,Gram: ABLATIVE (preposition),càak
827,thai,Gram: LOCATIVE marker (relational noun),khâŋ
828,thai,Gram: 'until',thy̌ŋ
829,thai,Gram: CONCESSIVE,thy̌ŋ
830,thai,Gram: CONSECUTIVE,maa
831,thai,Gram: COORDINATIVE particle,lɛ̒Ɂ
832,thai,Gram: INDEFINITNESS,nỳŋ
833,thai,Gram: ABILITY,dâj
834,thai,Gram: PERMISSIVE,dâj
835,thai,Gram: POSSIBILITY,dâj
836,thai,Gram: 'succeed',dâj
837,thai,Gram: CLASSIFIER,lûuk
838,thai,Gram: CLASSIFIER,tua
839,thai,Gram: CLASSIFIER,khon
840,thai,Gram: POSSESSION marker,khɔ̌ɔŋ
841,thai,Gram: TEMPORAL reference,maa
842,thai,Gram: PAST,dâj
843,thai,Gram: CAUSATIVE,tham
844,thai,Gram: CAUSATIVE,hâj
845,thai,Gram: QUOTATIVE marker,wâa
846,thai,Gram: VENITIVE (DIRECTIONAL verb),maa
847,thai,Gram: ANDATIVE (DIRECTIONAL verb),paj
848,thai,Gram: PURPOSE,hâj
849,thai,Gram: MANNER,hâj
850,thai,Gram: COMPLEMENTIZER,hâj
851,tokpisin,Gram: PROGRESSIVE,i stap
852,tokpisin,Gram: PLURAL,ol
853,tokpisin,Gram: GENITIVE marker ('of'),bilong
854,tokpisin,Gram: FUTURE,bai
855,tsakhur,Gram: INDEFINITE Pronoun marker (here: gender IV),-xe-d
856,tsakhur,Gram: OBLIGATION (here: gender IV),-s꞊od
857,tsakhur,Gram: CAUSATIVE,"-haʔas, -aʔas"
858,tswana,Gram: do something usually',nà lɩ́-
859,tswana,Gram: be still doing something' (aux),ńná
860,tswana,"Gram: do something continually', or 'be still doing something'",ńtsé
861,tswana,Gram: CAUSATOR preposition (marking agent in PASSIVEs),kɩ́
862,tswana,Gram: 'since',(fá) ɩ́sàlɩ́
863,tswana,Gram: 'regarding',fá !ɩ́lɩ́
864,tswana,Gram: LOCATIVE prefix,χʊ́-
865,tswana,Gram: be obliged to do something' (aux),nà lɩ́-
866,tswana,Gram: never do something' [NEGATIVE aux],χà...ńnɩ́
867,tswana,Gram: noun-modifier LINKER in counting constructions,lɩ́
868,tswana,"Gram: have done something long ago, or for the last time'",sàlɩ́
869,tswana,"Gram: CONDITIONAL CONJUNCTION (when, if)",fá
870,tswana,Gram: noun-modifier LINKER,jó
871,tswana,Gram: after (preposition),morago [mʊ̀ráχʊ́]
872,tswana,Gram: CONTINUATIVE aux,áχá
873,tswana,"Gram: HABITUAL aux ('do something often, or in great quantity')",àtìsà
874,tswana,Gram: REPETITIVE aux,bʊ́á
875,tswana,Gram: have ceased doing something' [TERMINATIVE aux],χá...tɬhɔ̀lɩ́
876,tswana,Gram: CONTINUATIVE aux 'continue to do something',nàmà
877,tswana,Gram: have eventually done something' (aux),nàmílé
878,tswana,Gram: 'be already doing something',sétsɩ́
879,tswana,Gram: do something continually',tɬhɔ̀là
880,tswana,Gram: do something continually',tsàmàjà
881,tswana,Gram: do something continually',tshɩ́lá
882,tswana,Gram: INSTRUMENTAL preposition,ká
883,tswana,Gram: 'according to',go ya ka [χʊ̀-jà ká]
884,tswana,Gram: LOCATIVE preposition,fá
885,tswana,Gram: LOCATIVE suffix,-ŋ̀
886,tswana,Gram: LOCATIVE preposition,morago [mʊ̀ráχʊ́]
887,tswana,Gram: 'from',go simolola [χʊ̀ -símʊ́lʊ́là]
888,tswana,Gram: 'from',go tloga [χʊ̀-tɬʊ̀χà]
889,tswana,Gram: 'from',go tswa [χʊ̀-tswà]
890,tswana,Gram: behind (preposition),morago [mʊ̀ráχʊ́]
891,tswana,Gram: COMPLEMENTIZER,χʊ̀rɩ̀
892,tswana,"Gram: since, as",ká
893,tswana,Gram: until,χʊ̀fìtɬhɛ̀là
894,tswana,Gram: PURPOSIVE (subordinator?) 'so that',χʊ̀rɩ̀
895,tswana,Gram: conjunctions expressing sequentiality ('and then'),tɬà
896,tswana,Gram: conjunction expressing simultaneity,ɛ́tá
897,tswana,Gram: CAUSE (conjunction),ka gore [ká χʊ́rɩ̀]
898,tswana,Gram: CONSECUTIVE (aux ),-tla [tɬà]
899,tswana,Gram: DIMINUTIVE (derivational suffix),-ana
900,tswana,Gram: 'other',ngwe [ŋʷɩ̀]
901,tswana,Gram: POTENTIAL marker,-ká
902,tswana,Gram: NECESSITY aux ('need to do something'),bàtɬà
903,tswana,Gram: be obliged to do something,tshwánétsɩ́
904,tswana,Gram: INTENTION (aux),rátá [rátá]
905,tswana,Gram: NEGATION aux,χáná
906,tswana,Gram: some (determiner),ngwe [ŋʷɩ̀]
907,tswana,Gram: have done something in the PAST year' [PAST aux],díkílé
908,tswana,Gram: have done something the day before' [RECENT PAST aux],létsɩ́
909,tswana,Gram: have just done something',sátswá
910,tswana,Gram: do something during the next year',tɬàà-díká
911,tswana,Gram: do something before the end of the day',tɬàà-lálá
912,tswana,Gram: do something the next day',tɬàà-tsʊ́χá
913,tswana,Gram: have done something in the morning',tsʊ́χílé
914,tswana,Gram: do something unexpectedly',tshʊ̀χànà
915,tswana,Gram: IMMINENCE aux ('seem to be about to do something'),bàtɬà
916,tswana,Gram: have nearly done something' [aux],bàtɬílé
917,tswana,Gram: IMMINENCE aux ('seem to be about to do something'),lʊ̀sètsà
918,tswana,Gram: have nearly done something',rátílé
919,tswana,Gram: have nearly done something',sɩ́ŋ́kílé
920,tswana,Gram: be close to doing something',tɬʊ̀χà
921,tswana,Gram: be close to doing something',tsàmàɛ̀là
922,tswana,Gram: seem to be close to do something',tsìlé
923,tswana,Gram: be close to doing something',jà
924,tswana,Gram: AVERTIVE (aux),rátá [rátá]
925,tswana,Gram: 'except',fá !ɩ́sɩ́
926,tswana,"Gram: 'except, instead'",ɩ́sɩ̀ŋ́
927,tswana,Gram: NEGATION (prefix),-sɩ̀
928,tswana,Gram: LOCATIVE prefix,χá-
929,tswana,Gram: plain PLURAL marker (human),bó-
930,tswana,Gram: GENITIVE LINKER (person names & kinship terms),-áχá-
931,tswana,Gram: relative verb form marker,-ŋ́
932,tundranenets,Gram: PAST,-e-sy⁰
933,tundranenets,"Gram: ""finite morphem"", marker of finite conjugation",-e-
934,tundranenets,Gram: PRONOUN (Stem) ACCUSATIVE,syiq-
935,tundranenets,Gram: Personal Pro (3SG),pida
936,tundranenets,Gram: nominal DUAL,-q
937,tundranenets,"Gram: ""objective conjugation"" (used with topicalized objects)",-w⁰
938,tundranenets,Gram: IMPERATIVE (2SG),-q
939,tuscarora,Gram: DEFINITE ARTICLE,ha'
940,udi,Gram: internal + external POSSIBILITY aux,baksun
941,udi,Gram: behind,bačːˁaneχun
942,udi,"Gram: SPATIAL postposition 'at, near'",bel
943,udi,Gram: reinforced HORTATIVE,ek-i
944,udi,Gram: PERMISSIVE,barta
945,udi,Gram: TEMPORAL POSSESSION postposition,kije
946,udi,Gram: DECAUSATIVE (here: past tense allomorph),-ec-
947,udi,Gram: CAUSATIVE,-d- (-tː- after s)
948,udi,Gram: INDEFINITE Pronoun marker,꞊(n)esa
949,udi,Gram: DATIVE,-a
950,udi,Gram: PRESENT tense,-(e)sa
951,udi,Gram: FUTURE (here: 3SG),-al=e
952,uppersorbian,Gram: EXISTENTIAL COPULA,sydać
953,uppersorbian,Gram: INDEFINITE article,jen
954,veps,Gram: ABLATIVE Clitic,=päi
955,vincentiancreole,Gram: GENITIVE marker ('of'),fo
956,wakhi,Gram: DATIVE suffix,-ər(k)
957,warrwa,Gram: TRANSITIVE conjugation marker,na-
958,warrwa,Gram: INSTRUMENTAL,-ngany
959,warrwa,Gram: REFLEXIVE/RECIPROCAL action,-banyji
960,warrwa,Gram: inalienable POSSESSION marking (on possessum),-jina
961,xufipamir,Gram: LOCATIVE,-ard
962,yaghnobi,Gram: PRESENT TENSE,=išt
963,yaqui,Gram: DURATIVE,-sime
964,yaqui,Gram: CESSATIVE aspect,-yaate
965,yaqui,Gram: DESIDERATIVE,-bae
966,yaqui,Gram: indirect DESIDERATIVE,-ii'aa
967,yaqui,Gram: SUBJUNCTIVE,-'ea
968,yawuru,Gram: predicative POSSESSION ('have'),-nga...-ngany
969,yawuru,Gram: ERGATIVE,-ni
970,yawuru,Gram: INSTRUMENTAL NOMINALIZER,-jinaburu
971,yawuru,Gram: GEN of Animates,-jina
972,yucatec,Gram: COORDINATOR,(y)éetel
973,yucatec,Gram: FUTURE,yan
974,yucatec,Gram: DEFINITE ARTICLE,le
975,yucatec,Gram: IMPERFECTIVE aspect,k
976,yucatec,Gram: PROGRESSIVE aspect,"tíin, táan, túun"
977,yucatec,Gram: TERMINATIVE aspect,ts'
978,yucatec,Gram: PERFECTIVE,t
979,yucatec,Gram: adposition 'on account of' (preposition),o'l
980,yucatec,"Gram: 'on, above' (preposition)",óok'ol
981,yucatec,Gram: 'behind' (preposition),t=u paach
982,yucatec,Gram: 'in order that',yo'lal
983,yucatec,Gram: discourse-level conjunction,"ts'o'le, ts'o'kole"
984,yucatec,Gram: INDEFINITE ARTICLE,"hun, un"
985,yucatec,Gram: inanimate object CLASSIFIER,-p'éel
986,yucatec,Gram: 'who' (INTERROGATIVE PRONOUN),máax
987,yucatec,Gram: 'what' (INTERROGATIVE PRONOUN),ba'x
988,yucatec,Gram: PREDICTIVE FUTURE,bíin
989,yucatec,Gram: REFLEXIVE ('self'),báah
990,yucatec,Gram: CAUSATIVE,ts'a'
991,yucatec,Gram: this' (deictic clitics),"=la', =a'"
992,zazaki,Gram: “ezâfe” (clitic linking head noun to depending elements),o
